{
    "id": 50923,
    "name": "Suzuki Celerio",
    "description": "Un auto que se ha ganado la buena fama por su economía con el combustible.",
    "cost": 12500,
    "currency": "USD",
    "soldCount": 25,
    "category": "Autos",
    "images": [
        "img/prod50923_1.jpg",
        "img/prod50923_2.jpg",
        "img/prod50923_3.jpg",
        "img/prod50923_4.jpg"
    ],
    "relatedProducts": [
        {
            "id":50924,
            "name":"Peugeot 208",
            "image": "img/prod50924_1.jpg"
        },
        {
            "id":50922,
            "name":"Fiat Way",
            "image": "img/prod50922_1.jpg"
        }
    ]
}