{
    "id": 60802,
    "name": "Sofá",
    "description": "Cómodo sofá de tres cuerpos, con chaiselongue intercambiable. Ideal para las siestas",
    "cost": 24000,
    "currency": "UYU",
    "soldCount": 12,
    "category": "Muebles",
    "images": [
        "img/prod60802_1.jpg",
        "img/prod60802_2.jpg",
        "img/prod60802_3.jpg",
        "img/prod60802_4.jpg"
    ],
    "relatedProducts": [
        {
            "id":60801,
            "name":"Juego de comedor",
            "image": "img/prod60801_1.jpg"
        },
        {
            "id":60803,
            "name":"Armario",
            "image": "img/prod60803_1.jpg"
        }
    ]
}